"name","sku","price"
"Sleek Steel Chicken","aa4gwo","969.00"
"Awesome Cotton Mouse","hfrl0c","146.00"
"Small Cotton Hat","o4npnm","178.00"
"Licensed Granite Chips","eqkif3","138.00"
"Handcrafted Fresh Soap","sd2fo3","632.00"
"Ergonomic Steel Sausages","wiiqyk","651.00"
"Rustic Fresh Cheese","jpbp6i","61.00"
"Handmade Soft Gloves","tstk7h","800.00"
"Tasty Wooden Chicken","wufeaf","979.00"
"Handmade Soft Table","1z2bz3","823.00"
"Licensed Cotton Bacon","huu85s","938.00"
"Unbranded Rubber Pants","kwvq75","979.00"
"Ergonomic Frozen Keyboard","69zge8","801.00"
"Handcrafted Plastic Chicken","ltoa9t","264.00"
"Generic Plastic Mouse","8a4iok","633.00"
"Gorgeous Granite Bacon","25bfee","328.00"
"Refined Rubber Chips","nwnyjt","427.00"
"Small Cotton Soap","avi3w8","168.00"
"Gorgeous Metal Keyboard","yx19jb","591.00"
"Refined Granite Mouse","vidd0b","488.00"
"Fantastic Steel Bacon","k0dxrz","752.00"
"Sleek Plastic Shirt","kh77j0","864.00"
"Small Soft Pizza","5ost67","405.00"
"Fantastic Steel Pants","vchhqy","204.00"
"Sleek Rubber Table","tdd3nq","555.00"
"Sleek Steel Chips","oi2z45","235.00"
"Handmade Soft Hat","btdp6w","72.00"
"Handmade Steel Hat","ncu51d","49.00"
"Ergonomic Concrete Chair","hje1tu","488.00"
"Fantastic Wooden Bike","y0gwxr","926.00"
"Licensed Steel Towels","t4lio7","830.00"
"Licensed Metal Hat","xmtg96","981.00"
"Intelligent Soft Chips","hsq43n","639.00"
"Handcrafted Plastic Car","aa0i13","616.00"
"Rustic Plastic Keyboard","qb608j","205.00"
"Sleek Frozen Cheese","9afytg","68.00"
"Unbranded Frozen Computer","cii9rk","864.00"
"Generic Wooden Bacon","49ubof","729.00"
"Rustic Granite Ball","13nz91","859.00"
"Handcrafted Frozen Chicken","wgzazm","565.00"
"Handcrafted Wooden Shirt","co9e8t","583.00"
"Awesome Metal Bacon","ypnbyn","936.00"
"Generic Granite Salad","i0sn83","435.00"
"Gorgeous Frozen Hat","3edu45","954.00"
"Generic Rubber Chair","8kf7ym","19.00"
"Fantastic Granite Tuna","dzlgqk","574.00"
"Sleek Plastic Tuna","bzasf1","240.00"
"Handmade Concrete Sausages","z0bpah","495.00"
"Intelligent Wooden Pizza","gegyag","393.00"
"Tasty Frozen Shoes","6iua11","558.00"
"Incredible Fresh Sausages","9qxzq4","608.00"
"Fantastic Rubber Tuna","6hmz07","598.00"
"Licensed Soft Car","7nfnsg","604.00"
"Incredible Fresh Computer","cohjae","171.00"
"Practical Soft Sausages","by0dn3","513.00"
"Practical Frozen Bacon","0946m3","453.00"
"Practical Steel Pizza","5aitti","974.00"
"Intelligent Granite Bacon","csc7p5","60.00"
"Handmade Steel Keyboard","xmgj6q","497.00"
"Licensed Frozen Bike","b6bch4","457.00"
"Incredible Plastic Sausages","y7d6xc","779.00"
"Generic Wooden Tuna","0v9fvs","365.00"
"Sleek Plastic Pants","5vs0ux","579.00"
"Practical Metal Chair","sgzwy5","475.00"
"Tasty Steel Salad","l2tbat","762.00"
"Intelligent Wooden Pants","jsebf6","756.00"
"Incredible Cotton Tuna","r5ma26","965.00"
"Sleek Steel Gloves","61sezd","905.00"
"Practical Fresh Cheese","fryn7n","498.00"
"Rustic Wooden Towels","ccp6h9","305.00"
"Sleek Soft Bike","05e6z3","779.00"
"Refined Fresh Hat","dnewxm","445.00"
"Refined Cotton Tuna","kky0oy","615.00"
"Fantastic Plastic Cheese","yctp9w","949.00"
"Intelligent Plastic Chair","ktgk3r","436.00"
"Refined Steel Keyboard","xvwfe0","555.00"
"Refined Concrete Soap","jcwxt1","431.00"
"Fantastic Plastic Fish","3w33g0","64.00"
"Tasty Frozen Ball","qi4s8e","424.00"
"Sleek Wooden Sausages","potypo","901.00"
"Small Steel Fish","xzoa93","305.00"
"Refined Soft Tuna","wuve9v","182.00"
"Rustic Cotton Chips","u2zwr3","440.00"
"Intelligent Cotton Hat","2wuy4r","915.00"
"Rustic Frozen Chicken","o61f7s","756.00"
"Refined Cotton Pizza","tt4ru8","977.00"
"Refined Rubber Soap","plj8zf","623.00"
"Licensed Plastic Shoes","w9xy5g","634.00"
"Small Steel Salad","88tgxs","112.00"
"Fantastic Metal Bacon","yr6wnu","906.00"
"Rustic Wooden Pants","g9n1i4","466.00"
"Intelligent Fresh Cheese","fslfh0","497.00"
"Intelligent Rubber Bacon","gp2uc5","140.00"
"Unbranded Steel Shirt","bwacic","651.00"
"Licensed Cotton Chair","bnl75a","709.00"
"Refined Fresh Chicken","tw06oa","110.00"
"Generic Cotton Gloves","zh02ai","897.00"
"Handcrafted Frozen Mouse","gtjwlb","87.00"
"Fantastic Soft Salad","kqlkp5","702.00"
"Handmade Granite Computer","iwz3j5","707.00"
"Handmade Concrete Hat","3w4vlb","67.00"
"Licensed Wooden Car","jzt3vd","101.00"
"Awesome Fresh Bike","dtvc4z","181.00"
"Generic Plastic Keyboard","ntrj6n","809.00"
"Gorgeous Fresh Bacon","lki5in","873.00"
"Practical Granite Pizza","gtu6x0","290.00"
"Awesome Steel Keyboard","u2q8qw","875.00"
"Gorgeous Frozen Shirt","buhk2m","588.00"
"Handcrafted Metal Hat","ejr3hz","111.00"
"Ergonomic Concrete Shirt","r9flvq","214.00"
"Handcrafted Cotton Cheese","5mse15","96.00"
"Fantastic Wooden Keyboard","2otxed","779.00"
"Unbranded Wooden Mouse","ksc40t","131.00"
"Handcrafted Rubber Salad","qw9ng1","326.00"
"Intelligent Soft Chips","hrzgdt","851.00"
"Small Plastic Towels","tuhzq4","528.00"
"Refined Frozen Pants","dpxkzf","125.00"
"Gorgeous Granite Ball","stelok","228.00"
"Incredible Wooden Towels","huz3ta","591.00"
"Intelligent Soft Hat","zngggg","216.00"
"Licensed Soft Bacon","o0bt3e","816.00"
"Licensed Frozen Ball","fy2p8o","963.00"
"Refined Plastic Chips","dik72w","613.00"
"Practical Rubber Table","ys95gs","739.00"
"Unbranded Wooden Mouse","lk6bxh","748.00"
"Generic Fresh Bacon","z04yri","460.00"
"Handcrafted Plastic Table","jozzs6","487.00"
"Rustic Plastic Hat","9gpmo8","761.00"
"Rustic Rubber Cheese","9y7wil","153.00"
"Tasty Soft Bike","ccopqx","293.00"
"Intelligent Cotton Shoes","wx5484","745.00"
"Gorgeous Steel Bacon","4u4b78","822.00"
"Incredible Soft Table","iyx844","223.00"
"Sleek Rubber Bike","gh0kn6","106.00"
"Handmade Granite Chair","35i54t","390.00"
"Refined Cotton Chicken","0on4cw","990.00"
"Intelligent Soft Chicken","iepx2w","636.00"
"Small Granite Bacon","iuu39e","410.00"
"Refined Cotton Fish","8ld82y","485.00"
"Handmade Soft Ball","ka7rev","16.00"
"Rustic Steel Shirt","i02zbo","958.00"
"Gorgeous Fresh Chips","ezlcn2","588.00"
"Intelligent Wooden Pants","xpv8me","544.00"
"Generic Plastic Hat","xjmhcm","374.00"
"Handmade Fresh Chair","n2fxdt","243.00"
"Handmade Granite Pizza","70fh51","441.00"
"Ergonomic Wooden Soap","drooc3","924.00"
"Handcrafted Steel Cheese","p02712","246.00"
"Licensed Plastic Cheese","73f56r","336.00"
"Tasty Wooden Salad","8a2ik7","689.00"
"Rustic Metal Chicken","9thb21","997.00"
"Generic Granite Mouse","v94ins","103.00"
"Intelligent Frozen Cheese","5do7zx","745.00"
"Refined Fresh Car","nw4wg7","436.00"
"Sleek Fresh Tuna","ijb673","767.00"
"Refined Plastic Ball","wmmz6n","143.00"
"Rustic Cotton Fish","vte5am","579.00"
"Gorgeous Concrete Hat","3904k7","37.00"
"Incredible Granite Ball","0kozpq","73.00"
"Fantastic Cotton Salad","4vjnre","579.00"
"Small Frozen Salad","uj942u","31.00"
"Practical Soft Gloves","5cyjn6","502.00"
"Small Wooden Tuna","h44sie","10.00"
"Refined Concrete Fish","7n3vv8","277.00"
"Licensed Cotton Bacon","v5sku7","139.00"
"Licensed Frozen Ball","q3yigb","149.00"
"Fantastic Plastic Keyboard","43v87f","818.00"
"Awesome Soft Bacon","aye27d","267.00"
"Awesome Cotton Chair","8xqlf7","687.00"
"Ergonomic Granite Pants","3jck9p","337.00"
"Licensed Wooden Soap","u3fjbu","789.00"
"Handcrafted Steel Table","x112gi","695.00"
"Awesome Plastic Towels","67lcrn","702.00"
"Unbranded Steel Soap","2qk6bw","913.00"
"Unbranded Granite Fish","ghu7j5","669.00"
"Refined Granite Sausages","3l13k4","316.00"
"Generic Wooden Fish","s6pzy9","499.00"
"Unbranded Metal Fish","ixg0uq","380.00"
"Rustic Soft Bike","29edbs","428.00"
"Licensed Concrete Mouse","y9z53i","56.00"
"Generic Fresh Car","7194ro","884.00"
"Refined Fresh Tuna","ph2s0x","157.00"
"Licensed Plastic Towels","c0rlfx","415.00"
"Rustic Granite Shoes","3csktk","678.00"
"Ergonomic Cotton Bike","l17fwf","93.00"
"Rustic Rubber Bacon","tec1w8","329.00"
"Incredible Plastic Soap","0kb9b8","95.00"
"Licensed Frozen Salad","drkxdy","298.00"
"Small Frozen Chair","49v02z","423.00"
"Unbranded Soft Gloves","mjvu9w","321.00"
"Rustic Soft Keyboard","lvigf9","777.00"
"Gorgeous Rubber Gloves","1xkdtg","499.00"
"Licensed Metal Keyboard","5l9ll2","791.00"
"Fantastic Metal Salad","zq7uaf","245.00"
"Generic Soft Fish","jedpm8","227.00"
"Rustic Cotton Sausages","n1rc10","850.00"
"Intelligent Steel Table","n1o284","890.00"
"Refined Steel Bacon","oygurx","223.00"
"Refined Fresh Mouse","487ys0","731.00"
"Generic Wooden Mouse","flo876","683.00"
"Sleek Rubber Tuna","yoal9x","745.00"
"Handmade Soft Chair","tz9i71","469.00"
"Refined Fresh Shirt","5el9lx","985.00"
"Generic Plastic Shirt","etmes5","5.00"
"Practical Plastic Cheese","wo64ip","942.00"
"Handcrafted Rubber Mouse","l7u722","926.00"
"Tasty Concrete Table","hwtd4f","584.00"
"Fantastic Steel Chips","t86cy2","947.00"
"Tasty Steel Chair","s4jjcf","955.00"
"Fantastic Rubber Pizza","7i4wfh","598.00"
"Small Wooden Towels","5vvjt8","161.00"
"Sleek Concrete Ball","lxr662","8.00"
"Unbranded Rubber Bike","kf30dy","915.00"
"Rustic Cotton Soap","e3lfcy","1.00"
"Tasty Granite Fish","oj41ob","134.00"
"Handmade Granite Ball","uf6lzh","866.00"
"Handcrafted Granite Hat","dlnsri","492.00"
"Ergonomic Concrete Shoes","y6li4k","96.00"
"Incredible Fresh Car","rvpltr","864.00"
"Gorgeous Cotton Computer","x8dvew","405.00"
"Licensed Concrete Keyboard","gohvo0","621.00"
"Licensed Frozen Hat","vdpryc","607.00"
"Ergonomic Steel Salad","6a2gb1","866.00"
"Rustic Rubber Towels","l1pbte","848.00"
"Generic Plastic Chair","ptdbhw","659.00"
"Practical Frozen Chips","i9xwu3","822.00"
"Ergonomic Rubber Tuna","aibx6k","954.00"
"Rustic Frozen Pants","1uwzw4","440.00"
"Licensed Cotton Pizza","ajuzdi","387.00"
"Sleek Concrete Sausages","hcefju","545.00"
"Unbranded Concrete Tuna","m0vg7a","658.00"
"Unbranded Wooden Cheese","bzjbf7","816.00"
"Sleek Concrete Salad","u5ij8q","586.00"
"Generic Fresh Mouse","1lv59s","204.00"
"Refined Metal Chicken","7hnwej","283.00"
"Intelligent Frozen Gloves","2b8l3k","703.00"
"Licensed Plastic Mouse","z91yo8","685.00"
"Rustic Plastic Salad","hgwp0y","715.00"
"Fantastic Rubber Chips","iyv3q3","224.00"
"Gorgeous Cotton Sausages","q1zxa3","930.00"
"Unbranded Cotton Ball","bmvm45","845.00"
"Tasty Concrete Bike","7gz1jn","191.00"
"Handcrafted Wooden Fish","8jkbyr","864.00"
"Handmade Wooden Fish","5hy911","436.00"
"Sleek Concrete Computer","hnqduq","914.00"
"Practical Steel Ball","m68fy9","284.00"
"Refined Plastic Towels","9cswyg","388.00"
"Intelligent Wooden Tuna","4dim59","626.00"
"Awesome Frozen Fish","nq4k5g","957.00"
"Small Granite Car","crlgld","784.00"
"Unbranded Plastic Mouse","tu3jhe","341.00"
"Sleek Rubber Cheese","hu36au","649.00"
"Refined Metal Sausages","0c6kzu","58.00"
"Tasty Cotton Shoes","m0anva","474.00"
"Ergonomic Wooden Hat","nl6jw3","490.00"
"Intelligent Granite Sausages","98g2d7","77.00"
"Intelligent Metal Cheese","3jyueo","478.00"
"Small Granite Fish","uomj40","534.00"
"Ergonomic Plastic Cheese","5l1x1l","458.00"
"Fantastic Metal Pizza","ks6b0c","883.00"
"Intelligent Plastic Chicken","cf5tmn","555.00"
"Rustic Cotton Pizza","vuitzx","287.00"
"Refined Fresh Pizza","ca945g","697.00"
"Incredible Frozen Chair","2jswzf","829.00"
"Handcrafted Cotton Computer","tioxcy","601.00"
"Sleek Soft Computer","cc239w","93.00"
"Intelligent Concrete Salad","1pd7nh","4.00"
"Fantastic Rubber Car","o3unzv","365.00"
"Handcrafted Frozen Ball","hpzrmv","788.00"
"Practical Plastic Chair","hm44qr","944.00"
"Sleek Fresh Mouse","vx8h16","22.00"
"Refined Wooden Chicken","coqbw2","925.00"
"Intelligent Rubber Hat","q116xg","147.00"
"Unbranded Granite Soap","jtz3tj","570.00"
"Incredible Plastic Car","7t6lnq","461.00"
"Sleek Frozen Sausages","z94wag","46.00"
"Sleek Frozen Sausages","lrbp1z","683.00"
"Tasty Cotton Computer","9am5jc","563.00"
"Handcrafted Granite Shoes","blvj9w","348.00"
"Handcrafted Fresh Chair","id6mr5","273.00"
"Gorgeous Metal Bacon","zv5mjy","628.00"
"Handcrafted Cotton Computer","y7rjjt","594.00"
"Refined Frozen Ball","9qvxu8","211.00"
"Tasty Concrete Tuna","o3vylo","586.00"
"Rustic Steel Car","ueplb2","689.00"
"Small Granite Hat","k81329","573.00"
"Handcrafted Frozen Ball","4latf2","707.00"
"Fantastic Wooden Keyboard","0dge7u","52.00"
"Handmade Rubber Chair","4cbl73","812.00"
"Intelligent Metal Fish","8es75u","159.00"
"Incredible Frozen Computer","ny5ssd","700.00"
"Sleek Cotton Chicken","bnuz3k","505.00"
"Incredible Frozen Cheese","vqcwcd","895.00"
"Handmade Wooden Fish","bcmdqt","545.00"
"Intelligent Frozen Towels","p1lq6k","688.00"
"Sleek Granite Tuna","m68fb1","616.00"
"Licensed Plastic Car","ivx0am","909.00"
"Licensed Wooden Sausages","nxlyth","861.00"
"Sleek Plastic Pants","y7ucai","368.00"
"Licensed Granite Shoes","4mbs5w","612.00"
"Awesome Plastic Table","cnl64g","66.00"
"Awesome Granite Tuna","1hesu2","323.00"
"Handcrafted Metal Pizza","wk4e6h","220.00"
"Generic Wooden Fish","xip478","717.00"
"Generic Fresh Pizza","y59pqf","516.00"
"Unbranded Steel Chicken","okgnnr","888.00"
"Ergonomic Fresh Sausages","40l65f","939.00"
"Fantastic Steel Bacon","4fns5w","199.00"
"Licensed Fresh Computer","idzz0k","904.00"
"Generic Granite Gloves","6r7ny6","118.00"
"Licensed Steel Soap","aey6xl","92.00"
"Incredible Fresh Bacon","0j524e","658.00"
"Awesome Plastic Pants","cjq06q","902.00"
"Handmade Rubber Shoes","j0tq0f","961.00"
"Tasty Soft Gloves","s9hub6","885.00"
"Handcrafted Fresh Chicken","h0paht","118.00"
"Handcrafted Frozen Computer","l2fge8","250.00"
"Practical Plastic Hat","fzhduf","538.00"
"Unbranded Soft Hat","k8yo1p","843.00"
"Licensed Steel Table","5swcm6","846.00"
"Refined Steel Pizza","rvgias","377.00"
"Fantastic Plastic Mouse","8r3dph","837.00"
"Sleek Metal Bacon","nbp68k","475.00"
"Refined Rubber Fish","ymm5xy","114.00"
"Generic Fresh Bacon","5izx78","285.00"
"Small Concrete Salad","qaubir","760.00"
"Tasty Granite Bacon","wni1xi","527.00"
"Rustic Cotton Towels","3j7dv6","868.00"
"Gorgeous Soft Shoes","y098u5","795.00"
"Gorgeous Rubber Fish","h6mfls","861.00"
"Sleek Cotton Cheese","zos8rn","143.00"
"Incredible Metal Soap","lthtul","136.00"
"Small Plastic Hat","qkveds","78.00"
"Handmade Steel Gloves","zci8zp","225.00"
"Handcrafted Soft Towels","rw5wr1","832.00"
"Sleek Plastic Bacon","5jbycw","750.00"
"Generic Cotton Shirt","gii2lr","117.00"
"Fantastic Soft Bike","ose7c1","589.00"
"Handmade Steel Pants","o4ty8h","648.00"
"Rustic Fresh Sausages","f6nu23","752.00"
"Refined Rubber Chicken","embgex","114.00"
"Unbranded Fresh Pizza","o6ho7k","648.00"
"Handmade Wooden Salad","ui5qzn","766.00"
"Fantastic Steel Mouse","8x7ndv","523.00"
"Awesome Fresh Fish","gt170f","465.00"
"Incredible Fresh Gloves","nkuqmc","967.00"
"Practical Frozen Tuna","jzqeld","112.00"
"Small Metal Chicken","ysmkdr","730.00"
"Gorgeous Concrete Shirt","0qw443","584.00"
"Small Frozen Tuna","04snn5","142.00"
"Practical Metal Shoes","v0pw7q","305.00"
"Incredible Fresh Cheese","49eibl","586.00"
"Small Cotton Soap","nms7wt","963.00"
"Small Wooden Bike","eik6ph","491.00"
"Fantastic Fresh Chicken","kpnfmu","778.00"
"Incredible Soft Hat","z5a6zo","606.00"
"Tasty Soft Salad","8a02zo","538.00"
"Intelligent Metal Shoes","rc5b8e","494.00"
"Refined Wooden Fish","xews1p","597.00"
"Handcrafted Steel Towels","mnwnxw","359.00"
"Tasty Granite Computer","f7nl4j","250.00"
"Fantastic Cotton Bacon","6dpaxo","104.00"
"Intelligent Fresh Soap","uwqugq","665.00"
"Fantastic Concrete Computer","fhfxpw","363.00"
"Handmade Concrete Fish","pjpnj1","764.00"
"Unbranded Wooden Shoes","j568hk","626.00"
"Licensed Granite Shoes","gwj0q2","969.00"
"Practical Concrete Chicken","ws3zjg","266.00"
"Licensed Cotton Chips","yyf3kw","73.00"
"Tasty Soft Salad","fi4xng","577.00"
"Refined Fresh Tuna","at9drw","469.00"
"Small Frozen Towels","um7r66","882.00"
"Gorgeous Steel Sausages","stysif","195.00"
"Tasty Cotton Gloves","jm59nx","995.00"
"Licensed Rubber Soap","06szs9","344.00"
"Practical Frozen Pants","y5l2qa","291.00"
"Rustic Concrete Hat","32pf7g","706.00"
"Licensed Wooden Chair","j2axi7","249.00"
"Practical Steel Table","2000hk","836.00"
"Practical Concrete Cheese","e9h1cp","335.00"
"Intelligent Cotton Gloves","ew81vj","353.00"
"Generic Concrete Car","t4gy02","375.00"
"Generic Steel Mouse","t37rv5","217.00"
"Handmade Concrete Chips","6d4wn9","962.00"
"Small Wooden Salad","i5xsrk","649.00"
"Incredible Soft Pants","6l61os","917.00"
"Tasty Plastic Shoes","gmd83g","259.00"
"Awesome Cotton Shirt","vobbyb","241.00"
"Refined Frozen Towels","ijgw7p","69.00"
"Rustic Frozen Salad","rguy9e","77.00"
"Small Cotton Soap","bf3a2h","341.00"
"Awesome Cotton Pants","kpqehg","826.00"
"Gorgeous Metal Ball","4f69n5","173.00"
"Unbranded Metal Computer","vfqxcq","903.00"
"Gorgeous Concrete Chair","e7yiqq","368.00"
"Ergonomic Concrete Tuna","hlsb6p","565.00"
"Generic Wooden Soap","mso9p2","933.00"
"Unbranded Concrete Car","7m56nx","206.00"
"Refined Concrete Shoes","3zo8jt","904.00"
"Awesome Wooden Chips","cykkzl","268.00"
"Generic Concrete Chair","9eb5u2","115.00"
"Refined Steel Pants","66r82t","452.00"
"Handmade Granite Shirt","boz0e2","881.00"
"Sleek Rubber Chair","avmkb6","36.00"
"Tasty Soft Gloves","xpcais","512.00"
"Sleek Concrete Table","hvs6ar","895.00"
"Licensed Soft Cheese","b0kzm4","125.00"
"Refined Fresh Keyboard","pf3wqi","827.00"
"Tasty Soft Pants","2oocnm","698.00"
"Handcrafted Wooden Car","ak7i01","704.00"
"Fantastic Steel Salad","x28km3","727.00"
"Small Rubber Sausages","u7q7qq","241.00"
"Handmade Steel Towels","1hezrw","722.00"
"Unbranded Concrete Cheese","hh336p","164.00"
"Sleek Rubber Cheese","0xpe26","414.00"
"Incredible Metal Towels","lu5y8b","412.00"
"Generic Frozen Bacon","e7m7c7","521.00"
"Small Wooden Computer","erx69v","108.00"
"Refined Steel Chicken","gfo1y7","768.00"
"Refined Steel Soap","nmgz8f","557.00"
"Awesome Granite Gloves","3xpdq3","934.00"
"Small Frozen Table","iu6srg","873.00"
"Rustic Rubber Soap","w5mt50","58.00"
"Intelligent Fresh Tuna","0g8d8k","439.00"
"Incredible Granite Towels","bsq9wl","915.00"
"Licensed Wooden Ball","b51cnf","673.00"
"Handcrafted Cotton Chair","f5v25k","831.00"
"Rustic Metal Chair","bc08jk","514.00"
"Handcrafted Cotton Pizza","zwy8a5","727.00"
"Licensed Rubber Pizza","jga472","992.00"
"Licensed Concrete Chips","lgg693","741.00"
"Sleek Frozen Hat","hb0ejj","850.00"
"Practical Soft Ball","9mbt8z","818.00"
"Small Frozen Tuna","70x5qe","941.00"
"Refined Steel Tuna","9qv4yh","882.00"
"Ergonomic Concrete Bacon","mxrx6a","271.00"
"Sleek Cotton Bike","rwb0o6","934.00"
"Refined Metal Chips","e570wu","625.00"
"Unbranded Metal Chicken","1za1s4","306.00"
"Intelligent Concrete Cheese","kz4ro2","413.00"
"Generic Soft Mouse","366wf9","288.00"
"Unbranded Plastic Table","f4vpqd","163.00"
"Handmade Concrete Tuna","6ptae8","364.00"
"Refined Metal Shirt","j19tcl","659.00"
"Unbranded Wooden Chair","fnmrc9","288.00"
"Ergonomic Wooden Bike","fn5hus","625.00"
"Fantastic Fresh Fish","fyoldn","252.00"
"Generic Plastic Sausages","blonoz","434.00"
"Generic Concrete Bacon","rb4nok","493.00"
"Practical Rubber Pants","g6qd3i","449.00"
"Handmade Steel Table","1amyjn","502.00"
"Small Metal Tuna","pg919h","796.00"
"Licensed Concrete Bacon","747zs2","791.00"
"Handcrafted Rubber Ball","kgkade","534.00"
"Small Wooden Hat","xcjcm9","585.00"
"Practical Steel Keyboard","m6u442","185.00"
"Incredible Steel Pants","7o8qiq","819.00"
"Fantastic Granite Tuna","r5midj","887.00"
"Gorgeous Metal Pants","e8b46z","765.00"
"Sleek Frozen Sausages","vkn53r","845.00"
"Small Frozen Gloves","4vctus","971.00"
"Fantastic Fresh Keyboard","x6ycod","45.00"
"Tasty Soft Chicken","hozx1f","481.00"
"Unbranded Fresh Towels","xzydkw","617.00"
"Intelligent Wooden Hat","fqw0k6","591.00"
"Licensed Soft Sausages","954i1e","744.00"
"Incredible Granite Hat","mowuj3","47.00"
"Tasty Soft Pizza","o96l81","20.00"
"Licensed Cotton Salad","za83tp","428.00"
"Awesome Frozen Car","g3nx6z","496.00"
"Awesome Soft Soap","vyd9cj","305.00"
"Handcrafted Soft Computer","b6cbof","831.00"
"Rustic Plastic Salad","z4s0de","565.00"
"Licensed Fresh Mouse","x3i1ga","452.00"
"Handcrafted Concrete Keyboard","ug4bs3","434.00"
"Refined Frozen Towels","2974kr","160.00"
"Intelligent Wooden Salad","qneg12","539.00"
"Small Fresh Hat","14p7qt","342.00"
"Awesome Wooden Car","104qqi","598.00"
"Gorgeous Granite Tuna","rlnlak","783.00"
"Incredible Cotton Shirt","4zj38o","591.00"
"Handmade Fresh Sausages","91j0tg","568.00"
"Generic Concrete Towels","lknegl","621.00"
"Intelligent Rubber Salad","13epa1","636.00"
"Unbranded Plastic Sausages","hqxcgq","343.00"
"Small Metal Bacon","diq9ur","924.00"
"Handmade Plastic Shoes","ullneu","789.00"
"Generic Metal Bacon","5mot2r","175.00"
"Fantastic Granite Soap","kx8go2","213.00"
"Gorgeous Steel Chair","pzn6re","626.00"
"Refined Steel Shoes","x9ne9o","835.00"
"Intelligent Wooden Bike","m4xena","83.00"
"Ergonomic Granite Table","00jv09","895.00"
"Handcrafted Rubber Bacon","lp8xkc","615.00"
"Awesome Frozen Bacon","q3ceng","566.00"
"Tasty Soft Bike","b4rysb","125.00"
"Gorgeous Metal Salad","4kgxbn","511.00"
"Awesome Cotton Bacon","kfjpgg","888.00"
"Generic Metal Cheese","9m3m7y","657.00"
"Unbranded Cotton Bacon","r7kq56","330.00"
"Handmade Concrete Pizza","wb8til","356.00"
"Handcrafted Soft Soap","fbnauu","733.00"
"Handmade Wooden Mouse","qen3l1","551.00"
"Ergonomic Plastic Sausages","1maqms","430.00"
"Sleek Concrete Ball","yz6awt","286.00"
"Small Metal Sausages","nlq9it","257.00"
"Unbranded Steel Shoes","3dlcdm","415.00"
"Practical Fresh Bacon","yer4lh","938.00"
"Sleek Frozen Table","5bbk3b","135.00"
"Intelligent Wooden Hat","w0k5kk","237.00"
"Rustic Rubber Table","bd6yyl","954.00"
"Handcrafted Granite Hat","bkx5am","179.00"
"Awesome Fresh Chips","3sdlt6","935.00"
"Sleek Steel Bike","ca2imt","696.00"
"Tasty Wooden Shirt","7qopor","895.00"
"Refined Metal Chips","76vcpw","700.00"
"Handcrafted Metal Computer","l3inmu","951.00"
"Handcrafted Concrete Pants","ttnxic","585.00"
"Practical Metal Shirt","988z6l","804.00"
"Unbranded Metal Mouse","5zjdud","586.00"
"Small Granite Table","wkif3e","467.00"
"Practical Cotton Keyboard","9fpk5y","56.00"
"Ergonomic Cotton Computer","erbbyk","189.00"
"Refined Granite Tuna","ek9t7y","346.00"
"Handcrafted Rubber Towels","opfxjc","393.00"
"Handmade Metal Table","6hz7om","963.00"
"Small Cotton Ball","puy2hx","879.00"
"Small Concrete Computer","omcj9s","182.00"
"Gorgeous Plastic Table","vox1a3","409.00"
"Handcrafted Wooden Towels","mzs7vf","248.00"
"Fantastic Plastic Keyboard","y31nyo","770.00"
"Small Cotton Tuna","95m8sj","660.00"
"Generic Rubber Pants","benice","594.00"
"Awesome Metal Salad","f6ybmz","506.00"
"Sleek Plastic Pizza","zgqj1z","961.00"
"Licensed Soft Bacon","2pxnwn","440.00"
"Handcrafted Plastic Gloves","2cnpiq","23.00"
"Fantastic Granite Soap","bkz551","586.00"
"Rustic Metal Soap","vmm136","908.00"
"Gorgeous Granite Towels","dqmu0o","570.00"
"Small Plastic Gloves","xhr7a8","576.00"
"Incredible Fresh Bacon","ftkxft","701.00"
"Licensed Rubber Gloves","a8n8mj","691.00"
"Ergonomic Cotton Hat","iy73ow","652.00"
"Rustic Cotton Chicken","gg2z5b","138.00"
"Handcrafted Plastic Ball","hghiq2","201.00"
"Intelligent Concrete Computer","j719kf","174.00"
"Rustic Wooden Table","5fv8th","109.00"
"Ergonomic Cotton Sausages","qqkrsk","226.00"
"Practical Fresh Salad","u106a6","251.00"
"Handcrafted Rubber Table","9bo4ij","570.00"
"Intelligent Steel Keyboard","l61iaq","90.00"
"Gorgeous Wooden Sausages","291vll","78.00"
"Sleek Concrete Pizza","ppp4o2","545.00"
"Practical Plastic Towels","neayno","276.00"
"Ergonomic Cotton Salad","jdlg51","191.00"
"Sleek Steel Cheese","j2hken","48.00"
"Generic Plastic Chicken","edafad","433.00"
"Generic Cotton Bike","4i2e4k","340.00"
"Sleek Soft Bike","3uefby","55.00"
"Licensed Plastic Salad","npi10o","334.00"
"Gorgeous Soft Ball","6tbba4","6.00"
"Incredible Rubber Chair","jycvot","693.00"
"Handmade Plastic Salad","rv4qzc","114.00"
"Refined Granite Mouse","pdx7jv","795.00"
"Rustic Steel Pants","ah0nod","863.00"
"Sleek Concrete Bacon","cafzuo","387.00"
"Unbranded Concrete Shoes","rc96li","377.00"
"Handmade Concrete Soap","oxuyek","759.00"
"Awesome Cotton Tuna","l6hio8","347.00"
"Fantastic Rubber Gloves","2y0pgm","953.00"
"Handmade Rubber Mouse","apvkza","378.00"
"Intelligent Wooden Salad","33rfm7","225.00"
"Incredible Rubber Gloves","c1wtfb","424.00"
"Intelligent Wooden Gloves","9d0x02","32.00"
"Generic Wooden Cheese","nmdjv8","38.00"
"Licensed Metal Table","qsepcu","318.00"
"Licensed Cotton Salad","ds04oc","595.00"
"Handmade Steel Car","qc4k73","993.00"
"Sleek Rubber Chips","3q0uxv","94.00"
"Handmade Cotton Bacon","0svm4z","862.00"
"Fantastic Metal Car","n0zpii","32.00"
"Sleek Metal Shoes","85vn7b","17.00"
"Awesome Soft Mouse","304eir","897.00"
"Rustic Frozen Sausages","16w4z5","7.00"
"Gorgeous Wooden Cheese","kv6txk","205.00"
"Gorgeous Soft Car","agkw9l","280.00"
"Ergonomic Concrete Bacon","bpgtvw","305.00"
"Generic Metal Table","nckfvz","364.00"
"Generic Plastic Chicken","pifyar","269.00"
"Refined Rubber Soap","o71rtf","505.00"
"Handcrafted Frozen Shoes","1ezl5e","58.00"
"Fantastic Plastic Car","f7nshr","233.00"
"Fantastic Soft Chicken","1wiyax","399.00"
"Generic Steel Keyboard","apoo9a","90.00"
"Gorgeous Granite Pizza","6s7biq","518.00"
"Generic Frozen Chicken","swhrhw","40.00"
"Intelligent Steel Salad","0cqig1","529.00"
"Awesome Fresh Table","1gflup","209.00"
"Generic Rubber Chips","lnvbh5","509.00"
"Small Steel Towels","vwviqy","670.00"
"Practical Cotton Shoes","ugk2vg","156.00"
"Intelligent Cotton Bacon","o2pdwn","959.00"
"Handmade Cotton Mouse","44p4fy","984.00"
"Ergonomic Frozen Sausages","63tasb","119.00"
"Small Plastic Gloves","so45l8","181.00"
"Handcrafted Granite Soap","zvvd9o","147.00"
"Unbranded Metal Towels","9213tl","914.00"
"Licensed Cotton Table","m2jx6l","37.00"
"Unbranded Cotton Towels","stlw32","616.00"
"Incredible Cotton Computer","d4xi47","835.00"
"Handmade Steel Bike","k5ucnv","395.00"
"Fantastic Fresh Tuna","dmqrch","445.00"
"Handcrafted Fresh Bike","hpdgml","327.00"
"Awesome Granite Shoes","xezit3","500.00"
"Awesome Frozen Fish","dv44tf","114.00"
"Small Metal Table","toyl5n","162.00"
"Rustic Metal Car","a38fud","184.00"
"Handcrafted Metal Tuna","5daddi","416.00"
"Awesome Soft Gloves","zmz0sb","544.00"
"Licensed Steel Chicken","mr9xrz","344.00"
"Small Concrete Car","gukisz","965.00"
"Sleek Fresh Cheese","q2h6ba","887.00"
"Fantastic Frozen Ball","fni7wt","669.00"
"Generic Frozen Table","j7m440","582.00"
"Licensed Concrete Cheese","fvz3sv","624.00"
"Sleek Steel Chair","dxbpe0","264.00"
"Handmade Soft Table","rmyvqh","608.00"
"Sleek Fresh Computer","fltltk","200.00"
"Incredible Steel Cheese","zs7j5g","229.00"
"Tasty Soft Sausages","4mb90w","651.00"
"Unbranded Granite Hat","odw27v","300.00"
"Fantastic Granite Ball","hvlhm4","775.00"
"Practical Concrete Bike","y29t5t","798.00"
"Handmade Soft Table","5hhuzu","235.00"
"Sleek Metal Soap","2qgl2h","506.00"
"Fantastic Plastic Shirt","o8ck56","378.00"
"Handcrafted Fresh Fish","z7nrr6","591.00"
"Incredible Granite Bike","7b3xeo","8.00"
"Awesome Rubber Chicken","n41slj","821.00"
"Generic Frozen Keyboard","0rdi0w","766.00"
"Awesome Soft Sausages","jnefwd","21.00"
"Fantastic Metal Gloves","1lupse","132.00"
"Refined Rubber Towels","hkikn1","708.00"
"Licensed Rubber Chicken","h5mib6","635.00"
"Refined Frozen Sausages","ifqhr9","884.00"
"Tasty Rubber Towels","yqafsw","336.00"
"Intelligent Granite Keyboard","0iupzh","477.00"
"Refined Granite Car","p0xgj9","416.00"
"Ergonomic Fresh Tuna","irrylt","90.00"
"Generic Metal Shirt","lsapef","989.00"
"Fantastic Cotton Bike","36qf2x","763.00"
"Sleek Plastic Towels","2igcvr","637.00"
"Licensed Fresh Car","ymd7wj","311.00"
"Unbranded Plastic Soap","g6m918","905.00"
"Unbranded Frozen Soap","nf5a8n","919.00"
"Refined Plastic Sausages","5u7tx5","53.00"
"Handcrafted Plastic Keyboard","gljbd5","41.00"
"Incredible Cotton Mouse","r55n73","393.00"
"Generic Soft Ball","kby4a2","383.00"
"Tasty Cotton Shoes","m4grf4","367.00"
"Refined Plastic Bacon","14kgf7","969.00"
"Practical Concrete Fish","3lvhx4","329.00"
"Awesome Granite Hat","wxlcb6","603.00"
"Generic Granite Tuna","x4rp74","471.00"
"Awesome Soft Towels","p2zf9t","392.00"
"Tasty Frozen Computer","oi8ad1","745.00"
"Practical Granite Salad","xsdle3","2.00"
"Awesome Concrete Towels","kayea6","312.00"
"Unbranded Steel Shirt","yddzny","719.00"
"Gorgeous Steel Chicken","t6r0h7","69.00"
"Licensed Wooden Computer","udr8sp","818.00"
"Ergonomic Rubber Chips","szpzzh","475.00"
"Unbranded Concrete Mouse","ru5ehi","574.00"
"Intelligent Steel Chicken","yhp99s","85.00"
"Intelligent Fresh Ball","qvw5va","112.00"
"Ergonomic Soft Soap","3hh9cg","972.00"
"Gorgeous Wooden Gloves","50vc8r","217.00"
"Rustic Rubber Cheese","3cpldv","174.00"
"Fantastic Granite Salad","2jgxah","141.00"
"Unbranded Plastic Table","x6e0iz","673.00"
"Fantastic Rubber Soap","yjizhp","836.00"
"Awesome Rubber Fish","95nl2d","215.00"
"Intelligent Rubber Computer","fqw8ig","174.00"
"Fantastic Frozen Mouse","vlv9m3","512.00"
"Generic Concrete Shoes","nwj0kj","860.00"
"Ergonomic Rubber Shirt","x4q4zg","744.00"
"Incredible Concrete Soap","njaq1k","226.00"
"Refined Metal Hat","o90uvn","523.00"
"Unbranded Fresh Cheese","f7zvlv","144.00"
"Ergonomic Granite Hat","g1bctb","184.00"
"Handmade Soft Fish","7amrsx","633.00"
"Licensed Rubber Keyboard","fmtj68","158.00"
"Practical Cotton Pants","de73gt","585.00"
"Gorgeous Soft Computer","ytscjq","633.00"
"Generic Concrete Soap","37sn95","275.00"
"Licensed Wooden Fish","9vonym","689.00"
"Ergonomic Cotton Gloves","d7aojc","27.00"
"Unbranded Concrete Hat","dijm2o","899.00"
"Ergonomic Soft Computer","yz550h","198.00"
"Fantastic Fresh Fish","y77vzg","619.00"
"Small Soft Computer","jqhphp","178.00"
"Small Wooden Bike","mqxoio","655.00"
"Fantastic Soft Shirt","wrg8k0","911.00"
"Small Rubber Car","eld9wl","650.00"
"Ergonomic Fresh Sausages","4d9yyj","790.00"
"Generic Fresh Hat","0mq0s7","391.00"
"Licensed Granite Chips","hqnrtu","817.00"
"Awesome Fresh Pants","x6dq52","936.00"
"Awesome Frozen Bike","g3htsh","519.00"
"Ergonomic Rubber Chair","lwbw7p","515.00"
"Handcrafted Frozen Bike","38olv5","87.00"
"Licensed Wooden Chicken","bmz850","167.00"
"Intelligent Metal Bike","tvs25m","292.00"
"Small Wooden Chair","8anqhm","364.00"
"Licensed Steel Soap","53kls0","917.00"
"Gorgeous Cotton Pants","sd14du","203.00"
"Generic Fresh Shirt","fkts32","126.00"
"Licensed Plastic Towels","gx0z4p","98.00"
"Sleek Rubber Sausages","sa380c","205.00"
"Small Rubber Soap","4quaw2","506.00"
"Incredible Steel Chips","4rue66","892.00"
"Sleek Granite Computer","ws6ub4","727.00"
"Gorgeous Cotton Bike","e7etw7","40.00"
"Tasty Plastic Chips","m0di4v","797.00"
"Awesome Granite Chicken","eexdl4","67.00"
"Fantastic Wooden Keyboard","w5zgf5","221.00"
"Fantastic Wooden Table","yuuoir","393.00"
"Gorgeous Metal Chicken","vwg34d","366.00"
"Ergonomic Wooden Chips","usgyjo","335.00"
"Licensed Fresh Towels","y1a1n4","264.00"
"Small Rubber Hat","b7aml7","262.00"
"Intelligent Frozen Towels","uxhri9","910.00"
"Small Steel Shirt","gjku27","642.00"
"Sleek Wooden Cheese","1iq2wf","129.00"
"Intelligent Plastic Car","bk4bho","673.00"
"Fantastic Granite Chair","ldajtm","458.00"
"Fantastic Granite Pants","ga4uod","66.00"
"Gorgeous Wooden Chicken","17xvx5","286.00"
"Practical Cotton Bike","cxif1y","319.00"
"Fantastic Metal Gloves","wx3sih","484.00"
"Ergonomic Plastic Shoes","2xagc5","666.00"
"Awesome Plastic Mouse","kbw7hh","462.00"
"Tasty Rubber Tuna","h47kad","938.00"
"Practical Steel Pants","6c74gm","995.00"
"Sleek Granite Fish","7hbzxd","954.00"
"Incredible Frozen Chair","83hpgp","81.00"
"Ergonomic Fresh Pizza","qp36tm","331.00"
"Awesome Frozen Keyboard","2rrnc7","894.00"
"Incredible Soft Gloves","yts2zh","467.00"
"Rustic Rubber Keyboard","cyprhz","249.00"
"Licensed Granite Shoes","df34t0","872.00"
"Practical Fresh Mouse","y8w2p6","355.00"
"Refined Granite Towels","roelph","532.00"
"Practical Concrete Bacon","s3fkw8","805.00"
"Awesome Metal Pizza","3y5aby","481.00"
"Sleek Rubber Chicken","cuha0n","537.00"
"Fantastic Concrete Fish","lp46a9","543.00"
"Refined Rubber Pizza","9ndsy3","281.00"
"Unbranded Wooden Salad","mixt5g","279.00"
"Unbranded Soft Fish","hngvy5","216.00"
"Fantastic Rubber Car","82z7aa","493.00"
"Sleek Concrete Towels","oc5kun","816.00"
"Incredible Metal Fish","284b8k","169.00"
"Handcrafted Rubber Hat","35kvy8","301.00"
"Handcrafted Steel Pizza","0squzs","332.00"
"Awesome Rubber Salad","tu4yl8","769.00"
"Ergonomic Frozen Towels","fkjgho","996.00"
"Ergonomic Wooden Tuna","oqxtxo","636.00"
"Incredible Fresh Chicken","4ugv3j","879.00"
"Small Wooden Pants","4cl396","818.00"
"Tasty Concrete Shirt","eei73j","174.00"
"Practical Granite Chicken","8cdb6l","914.00"
"Awesome Concrete Mouse","udmld2","465.00"
"Licensed Soft Keyboard","ur8sfz","842.00"
"Incredible Soft Chips","ln4aim","419.00"
"Generic Frozen Ball","neej4d","267.00"
"Awesome Fresh Gloves","nv8hl1","388.00"
"Intelligent Soft Keyboard","9629d2","421.00"
"Licensed Metal Salad","zr9v2c","600.00"
"Gorgeous Metal Keyboard","3f1jvb","670.00"
"Practical Concrete Bacon","i7x752","113.00"
"Refined Plastic Shirt","69x397","650.00"
"Awesome Granite Towels","gamsb7","769.00"
"Fantastic Fresh Fish","40opsg","592.00"
"Fantastic Metal Shirt","4nfn85","849.00"
"Refined Steel Pizza","5w0p3g","87.00"
"Sleek Fresh Chicken","ka5j00","272.00"
"Practical Wooden Car","a3ldtq","631.00"
"Sleek Rubber Salad","6ej0f2","845.00"
"Rustic Metal Table","2jlzgl","151.00"
"Handcrafted Rubber Table","8nqbap","981.00"
"Ergonomic Plastic Bacon","hjyrqc","444.00"
"Incredible Frozen Shoes","r4kaua","124.00"
"Handmade Cotton Shirt","l8qxhn","259.00"
"Ergonomic Plastic Computer","uhn9ym","832.00"
"Practical Plastic Bike","2txkso","415.00"
"Handmade Frozen Keyboard","qx4rei","370.00"
"Handmade Steel Towels","oz2fpo","501.00"
"Handcrafted Concrete Pizza","v5j4nw","882.00"
"Practical Rubber Table","otg4bc","527.00"
"Intelligent Rubber Tuna","zr895v","266.00"
"Refined Frozen Fish","cdy8bk","328.00"
"Licensed Cotton Car","kitf8p","665.00"
"Awesome Concrete Keyboard","bf2tse","807.00"
"Refined Frozen Shoes","p4nf8b","614.00"
"Fantastic Steel Fish","xef7fe","178.00"
"Rustic Rubber Tuna","pnry1r","700.00"
"Intelligent Plastic Sausages","nfycq4","2.00"
"Small Plastic Fish","fbpii9","270.00"
"Incredible Cotton Chair","7jdu68","244.00"
"Sleek Rubber Cheese","dtugx5","186.00"
"Generic Concrete Bacon","ftskev","207.00"
"Tasty Fresh Salad","o49ncl","903.00"
"Fantastic Frozen Ball","p2blbq","426.00"
"Practical Wooden Pants","y2ouiy","270.00"
"Sleek Soft Sausages","l7ma7e","530.00"
"Rustic Metal Bike","pu27ox","893.00"
"Fantastic Frozen Salad","1p5711","596.00"
"Handcrafted Steel Hat","l5iyac","753.00"
"Unbranded Cotton Gloves","sm8hgc","579.00"
"Ergonomic Wooden Ball","i2ku1h","190.00"
"Sleek Steel Tuna","6na7wo","745.00"
"Fantastic Metal Soap","84cybe","635.00"
"Unbranded Granite Chair","if1yzk","212.00"
"Handcrafted Frozen Soap","r9z0nr","728.00"
"Handmade Concrete Towels","iyfddj","111.00"
"Handmade Plastic Pizza","l4adt6","667.00"
"Incredible Soft Chicken","2epneb","399.00"
"Rustic Metal Car","0nrzji","759.00"
"Ergonomic Granite Bike","5hmjvn","399.00"
"Handmade Granite Bike","x7mj3l","945.00"
"Awesome Fresh Hat","e0ybrw","254.00"
"Ergonomic Cotton Keyboard","shvrqs","601.00"
"Incredible Metal Towels","d5y36a","844.00"
"Tasty Soft Fish","e4byc4","816.00"
"Refined Concrete Car","0ootlz","986.00"
"Licensed Steel Mouse","00456y","394.00"
"Unbranded Frozen Chips","kwm886","88.00"
"Intelligent Fresh Bike","7hq40l","27.00"
"Handcrafted Plastic Salad","mbk1rb","98.00"
"Refined Cotton Ball","dbgdk1","366.00"
"Small Steel Shirt","ldlhjk","764.00"
"Tasty Cotton Gloves","m0a822","714.00"
"Tasty Steel Shirt","avoqw4","908.00"
"Incredible Wooden Fish","379fvv","830.00"
"Fantastic Fresh Car","p5ibux","59.00"
"Ergonomic Cotton Shirt","ylkk5r","633.00"
"Awesome Concrete Car","zzx2wa","28.00"
"Unbranded Granite Ball","pzlhxa","618.00"
"Handmade Soft Pants","o4vol6","529.00"
"Refined Steel Keyboard","qppf9s","209.00"
"Rustic Concrete Chicken","1ryih6","147.00"
"Practical Soft Cheese","iwyan8","680.00"
"Gorgeous Fresh Mouse","9xm3kj","349.00"
"Generic Soft Mouse","b11tgf","28.00"
"Gorgeous Rubber Chicken","7n00cr","991.00"
"Small Plastic Soap","w9b9oj","583.00"
"Handmade Soft Car","ov5j63","940.00"
"Incredible Fresh Salad","k98pkm","25.00"
"Generic Plastic Keyboard","qits91","525.00"
"Incredible Rubber Ball","vdcfxy","915.00"
"Licensed Concrete Ball","yrrqou","136.00"
"Fantastic Steel Hat","o4pkw6","898.00"
"Incredible Metal Fish","wifgls","609.00"
"Generic Fresh Fish","y8dd72","852.00"
"Small Granite Bacon","q062zw","591.00"
"Sleek Granite Pizza","wklwyj","44.00"
"Handmade Fresh Bike","5t74zn","414.00"
"Licensed Concrete Sausages","uuypf3","194.00"
"Intelligent Rubber Bacon","2se9oc","321.00"
"Ergonomic Steel Gloves","lnk44i","838.00"
"Fantastic Metal Chair","85sp2u","239.00"
"Incredible Frozen Bacon","n4vwfy","308.00"
"Sleek Plastic Gloves","vnnx22","692.00"
"Awesome Granite Computer","nb9lyj","107.00"
"Fantastic Plastic Fish","bwvpsb","979.00"
"Unbranded Frozen Hat","swspg1","782.00"
"Small Fresh Table","45iln2","961.00"
"Fantastic Fresh Pizza","uymtzm","814.00"
"Handmade Wooden Chicken","w14qvh","37.00"
"Tasty Granite Pants","f8dirh","828.00"
"Refined Frozen Car","lq7fjr","759.00"
"Fantastic Wooden Sausages","953b87","197.00"
"Awesome Steel Shoes","83rg2i","180.00"
"Unbranded Plastic Table","nas8t3","509.00"
"Fantastic Frozen Keyboard","cwmfju","626.00"
"Fantastic Cotton Chair","7uc51s","924.00"
"Generic Concrete Table","o15ja6","255.00"
"Fantastic Steel Sausages","spj6k3","567.00"
"Refined Fresh Shirt","xx4nhw","495.00"
"Licensed Concrete Pants","pmls4j","178.00"
"Rustic Plastic Salad","4991oy","506.00"
"Handcrafted Fresh Tuna","36ylvr","360.00"
"Rustic Rubber Sausages","yrw611","115.00"
"Small Granite Shoes","zzjnnm","163.00"
"Rustic Metal Keyboard","nwo1s1","782.00"
"Ergonomic Metal Ball","gtf1o1","704.00"
"Handcrafted Plastic Sausages","55jzz8","634.00"
"Ergonomic Plastic Hat","yzag38","508.00"
"Rustic Concrete Chips","7g3c10","737.00"
"Gorgeous Wooden Car","0du61a","411.00"
"Tasty Rubber Chair","fv99z4","530.00"
"Fantastic Frozen Chicken","xgqboc","449.00"
"Fantastic Frozen Keyboard","euef6j","336.00"
"Tasty Concrete Gloves","vb71c9","517.00"
"Handmade Plastic Bike","tbh0x2","576.00"
"Refined Concrete Salad","e56yj9","977.00"
"Unbranded Cotton Table","th653o","211.00"
"Handmade Fresh Chair","gzmc0t","142.00"
"Refined Metal Computer","4ofdcu","602.00"
"Ergonomic Rubber Towels","d442r3","68.00"
"Generic Soft Salad","6i4gp1","848.00"
"Fantastic Frozen Chicken","j9bwea","705.00"
"Sleek Steel Bacon","3f52vh","468.00"
"Tasty Steel Pants","2c7eh5","797.00"
"Licensed Plastic Salad","09du5r","13.00"
"Sleek Steel Bacon","evm9xn","600.00"
"Handmade Wooden Car","8cefu9","231.00"
"Unbranded Cotton Sausages","kgfnjy","985.00"
"Handcrafted Fresh Chicken","yjx18t","244.00"
"Intelligent Cotton Shoes","pmvrb9","696.00"
"Sleek Soft Pants","0t1krb","776.00"
"Generic Steel Towels","fm0fzq","707.00"
"Tasty Granite Pants","m2o5xk","69.00"
"Ergonomic Concrete Computer","bbljk8","730.00"
"Intelligent Soft Chicken","1025on","416.00"
"Awesome Plastic Mouse","nxl7t2","383.00"
"Refined Granite Table","2vkn7u","41.00"
"Gorgeous Cotton Tuna","qssbeg","993.00"
"Handcrafted Wooden Bike","cwjfuc","989.00"
"Rustic Granite Sausages","ht8h89","950.00"
"Rustic Steel Shirt","rtisyf","513.00"
"Rustic Cotton Gloves","voo40m","843.00"
"Licensed Rubber Keyboard","lmb32l","736.00"
"Ergonomic Plastic Tuna","cwmmk8","540.00"
"Awesome Cotton Bacon","91cmub","382.00"
"Gorgeous Steel Chair","192keq","720.00"
"Small Metal Pants","qytspj","846.00"
"Intelligent Soft Towels","yri2cn","113.00"
"Practical Plastic Chair","q4smye","975.00"
"Generic Fresh Gloves","apusuz","614.00"
"Rustic Metal Shoes","28yf6f","403.00"
"Licensed Plastic Shoes","6zy7g6","569.00"
"Handmade Steel Shoes","7q3pig","13.00"
"Generic Soft Bacon","9xppr1","800.00"
"Awesome Granite Fish","1ch8bn","899.00"
"Rustic Wooden Shoes","9nvomh","336.00"
"Gorgeous Soft Gloves","mq7rs3","405.00"
"Handmade Concrete Shirt","25jnnx","465.00"
"Refined Soft Computer","711gug","266.00"
"Awesome Granite Gloves","f5e554","256.00"
"Awesome Cotton Cheese","afuz5w","524.00"
"Handmade Concrete Towels","jpvhnh","456.00"
"Fantastic Metal Mouse","7oq340","872.00"
"Gorgeous Cotton Hat","kc6p8i","356.00"
"Intelligent Plastic Soap","cgrvxz","561.00"
"Refined Granite Hat","ub1mnh","626.00"
"Handmade Frozen Shoes","uk09hk","266.00"
"Handcrafted Soft Towels","nhklcs","873.00"
"Fantastic Rubber Chair","077zkh","334.00"
"Small Steel Bacon","jxxuw2","830.00"
"Intelligent Concrete Car","9xyrod","423.00"
"Sleek Plastic Computer","tyap38","910.00"
"Sleek Concrete Bacon","cy5zar","439.00"
"Small Fresh Towels","kd8792","1000.00"
"Handmade Frozen Soap","25jjv6","824.00"
"Awesome Plastic Fish","6uagz2","362.00"
"Handmade Cotton Bacon","qykowt","883.00"
"Rustic Plastic Chair","xw8h1k","761.00"
"Handmade Soft Towels","ace9ky","884.00"
"Gorgeous Frozen Shirt","3fc57z","176.00"
"Small Cotton Mouse","tuqxgi","726.00"
"Incredible Wooden Table","33poyq","390.00"
"Small Plastic Bike","t07pg4","844.00"
"Licensed Metal Shoes","y0ut97","401.00"
"Ergonomic Granite Ball","26qcpn","418.00"
"Rustic Wooden Salad","ri5iiw","972.00"
"Rustic Fresh Shirt","imt02m","263.00"
"Tasty Cotton Chair","2xf9lc","983.00"
"Handmade Rubber Gloves","emq3b7","532.00"
"Intelligent Metal Chicken","wvpo33","458.00"
"Handcrafted Frozen Keyboard","jc3x7n","135.00"
"Tasty Wooden Soap","s8qruy","651.00"
"Generic Granite Computer","1pmpgn","877.00"
"Sleek Plastic Table","c0d2u6","144.00"
"Ergonomic Wooden Soap","g36qrr","471.00"
"Fantastic Metal Gloves","x4ew7h","782.00"
"Handcrafted Metal Salad","2zm32g","856.00"
"Licensed Wooden Computer","ic3uy6","282.00"
"Small Metal Chips","x4vzfn","837.00"
"Incredible Plastic Tuna","nsqqq8","490.00"
"Handcrafted Steel Chips","cp8jb6","209.00"
"Rustic Soft Computer","4d2r0o","202.00"
"Fantastic Concrete Shoes","b0kqd7","920.00"
"Rustic Fresh Shirt","mnxz0r","633.00"
"Handcrafted Frozen Towels","kda02v","849.00"
"Ergonomic Granite Soap","liffv9","586.00"
"Small Rubber Shirt","3xqk38","718.00"
"Ergonomic Wooden Gloves","082c80","535.00"